{
  "y_offset": 4,
  "max_distance": 50,
  "group_radius": 10,
  "move_bossbar": true,
  "group_entities": true,
  "show_distance": true,
  "show_players": true,
  "view_angle": 70,
  "angle_threshold": 90,
  "angle_threshold_w_p": 90,
  "overlap_threshold": 4,
  "hide_overlapped": true,
  "auto_death_waypoint": true,
  "hide_behind": false,
  "show_entities": true,
  "show_waypoints": true,
  "debug_rendering": false,
  "playerlist_rendering": false,
  "show_mode": "ALWAYS_ON",
  "coordinates_mode": "OFF",
  "generation_type": "HEAD_FIRST",
  "mod_w_p_type": "SHOW_ENABLED",
  "all_atlases": false,
  "coordinates_scale": 100,
  "compass_width": 412,
  "compass_height": 22,
  "icon_scale": 100
}