{
  "startingItem": "StartingHouse",
  "newPlayersGetStartingItem": true,
  "includeSpawnersInMasher": true,
  "enableStructurePreview": true,
  "allowBulldozerToCreateDrops": true,
  "allowWaterInNonOverworldDimensions": true,
  "includeMineshaftChest": true,
  "playBuildingSound": true,
  "recipes": {
    "Grassy Plains": true,
    "Upgrade": true,
    "Boundary Block": true,
    "WoodenCrate": true,
    "Bunch Of Potatoes": true,
    "Jail": true,
    "Windmill": true,
    "Dirt Recipes": true,
    "Modern Buildings": true,
    "Mineshaft Entrance": true,
    "Watch Tower": true,
    "Pile of Bricks": true,
    "Ton of Timber": true,
    "Green House": true,
    "Compressed Glowstone": true,
    "House": true,
    "Light Switch": true,
    "Ender Gateway": true,
    "Town Hall": true,
    "Compressed Obsidian": true,
    "Advanced Farm": true,
    "Machinery Tower": true,
    "Bundle of Timber": true,
    "Villager Houses": true,
    "Saloon": true,
    "Advanced House": true,
    "Paper Lantern": true,
    "Warehouse": true,
    "Bulldozer": true,
    "Compressed Chest": true,
    "Bunch Of Beets": true,
    "Magic Temple": true,
    "Compressed Stone": true,
    "Sickle": true,
    "Defense Bunker": true,
    "Aqua Base": true,
    "Bunch Of Carrots": true,
    "Workshop": true,
    "Glass Stairs": true,
    "Swift Blade": true,
    "Glass Slabs": true,
    "Phasic Block": true,
    "Ski Lodge": true,
    "Compressed Dirt": true,
    "Improved House": true,
    "Quartz-Crete": true,
    "Improved Warehouse": true,
    "Nether Gate": true,
    "Instant Bridge": true,
    "Dark Light Lamp": true,
    "Heap of Timber": true,
    "Farm": true,
    "Improved Farm": true
  },
  "chestOptions": {
    "addSword": true,
    "addAxe": true,
    "addShovel": true,
    "addHoe": true,
    "addPickAxe": true,
    "addArmor": true,
    "addFood": true,
    "addCrops": true,
    "addDirt": true,
    "addCobble": true,
    "addSaplings": true,
    "addTorches": true
  },
  "starterHouseOptions": {
    "addBed": true,
    "addCraftingTable": true,
    "addFurnace": true,
    "addChests": true,
    "addChestContents": true,
    "addMineshaft": true
  },
  "structureOptions": {
    "item.prefab.item_farm_improved": {
      "prefab.gui.farm.advanced.barn": true,
      "prefab.gui.farm.improved.automated": true,
      "prefab.gui.farm.improved.bee": true,
      "prefab.gui.farm.improved.fish": true,
      "prefab.gui.farm.mushroom": true,
      "prefab.gui.farm.improved.sugar_cane": true,
      "prefab.gui.farm.improved.chicken": true,
      "prefab.gui.farm.advanced.green_house": true
    },
    "item.prefab.item_house": {
      "prefab.gui.house.tree.display": true,
      "prefab.gui.house.ranch.display": true,
      "prefab.gui.house.tower.display": true,
      "prefab.gui.house.cabin.display": true,
      "prefab.gui.house.desert.display": true,
      "prefab.gui.house.mushroom.display": true,
      "prefab.gui.house.desert.display2": true,
      "prefab.gui.house.camping.display": true,
      "prefab.gui.starter.basic.display": true,
      "prefab.gui.house.modern.display": true,
      "prefab.gui.house.hobbit.display": true,
      "prefab.gui.house.snowy.display": true,
      "prefab.gui.house.loft.display": true,
      "prefab.gui.house.izba.display": true,
      "prefab.gui.house.subaquatic.display": true
    },
    "item.prefab.item_villager_houses": {
      "prefab.gui.villager.house.fenced": true,
      "prefab.gui.villager.house.flat": true,
      "prefab.gui.villager.long_house": true,
      "prefab.gui.villager.house.angled": true,
      "prefab.gui.villager.blacksmith": true
    },
    "item.prefab.item_farm": {
      "prefab.gui.farm.berry": true,
      "prefab.gui.farm.rabbit": true,
      "prefab.gui.farm.elevated": true,
      "prefab.gui.farm.cactus": true,
      "prefab.gui.farm.horse": true,
      "prefab.gui.farm.multi_level": true,
      "prefab.gui.farm.chicken": true,
      "prefab.gui.farm.beef": true
    },
    "item.prefab.item_house_improved": {
      "prefab.gui.house.improved.spruce": true,
      "prefab.gui.house.improved.acacia": true,
      "prefab.gui.item_modern_house": true,
      "prefab.gui.house.improved.earthen": true,
      "prefab.gui.house.improved.hobbit_house": true,
      "prefab.gui.house.improved.jungle": true,
      "prefab.gui.house.improved.nether": true,
      "prefab.gui.house.improved.acacia_2": true,
      "prefab.gui.house.improved.cottage_house": true,
      "prefab.gui.house.improved.mountain": true,
      "prefab.gui.house.improved.crimson_house": true,
      "prefab.gui.house.improved.tower_house": true
    },
    "item.prefab.item_watch_tower": {
      "item.prefab.item_watch_tower_2": true,
      "item.prefab.item_watch_tower": true,
      "item.prefab.item_watch_tower_dark": true
    },
    "item.prefab.item_house_advanced": {
      "prefab.gui.house.advanced.estate": true,
      "prefab.gui.house.advanced.workshop": true,
      "prefab.gui.house.advanced.manor": true
    },
    "item.prefab.item_farm_advanced": {
      "prefab.gui.farm.advanced.barn": true,
      "prefab.gui.farm.advanced.monster": true,
      "prefab.gui.farm.advanced.produce": true,
      "prefab.gui.farm.advanced.melon": true,
      "prefab.gui.farm.advanced.horse": true,
      "prefab.gui.farm.advanced.tree": true,
      "prefab.gui.farm.advanced.green_house": true,
      "prefab.gui.farm.advanced.bamboo": true
    },
    "item.prefab.item_modern_buildings_improved": {
      "prefab.gui.modern.mall_store": true,
      "prefab.gui.modern.water_park": true,
      "prefab.gui.modern.gas_station": true,
      "prefab.gui.modern.construction_site": true,
      "prefab.gui.modern.house": true,
      "prefab.gui.modern.bank": true,
      "prefab.gui.modern.library": true
    },
    "item.prefab.item_modern_buildings": {
      "prefab.gui.modern.mini_hotel": true,
      "prefab.gui.modern.cottage": true,
      "prefab.gui.modern.restaurant": true,
      "prefab.gui.modern.cinema": true,
      "prefab.gui.modern.hipster_fruit_stand": true,
      "prefab.gui.modern.juice_shop": true,
      "prefab.gui.modern.apartment": true
    },
    "item.prefab.item_nether_gate": {
      "item.prefab.item_nether_gate_skull": true,
      "item.prefab.item_nether_gate_tree": true
    }
  }
}