{
  "animation_settings": {
    "animation": false,
    "water": true,
    "lava": true,
    "fire": true,
    "portal": true,
    "block_animations": true,
    "sculk_sensor": true
  },
  "particle_settings": {
    "particles": false,
    "rain_splash": true,
    "block_break": true,
    "block_breaking": true,
    "other": {
      "farmersdelight:star": true,
      "farmersdelight:steam": true,
      "minecraft:ambient_entity_effect": true,
      "minecraft:angry_villager": true,
      "minecraft:ash": true,
      "minecraft:block": true,
      "minecraft:block_marker": true,
      "minecraft:bubble": true,
      "minecraft:bubble_column_up": true,
      "minecraft:bubble_pop": true,
      "minecraft:campfire_cosy_smoke": true,
      "minecraft:campfire_signal_smoke": true,
      "minecraft:cloud": true,
      "minecraft:composter": true,
      "minecraft:crimson_spore": true,
      "minecraft:crit": true,
      "minecraft:current_down": true,
      "minecraft:damage_indicator": true,
      "minecraft:dolphin": true,
      "minecraft:dragon_breath": true,
      "minecraft:dripping_dripstone_lava": true,
      "minecraft:dripping_dripstone_water": true,
      "minecraft:dripping_honey": true,
      "minecraft:dripping_lava": true,
      "minecraft:dripping_obsidian_tear": true,
      "minecraft:dripping_water": true,
      "minecraft:dust": true,
      "minecraft:dust_color_transition": true,
      "minecraft:effect": true,
      "minecraft:elder_guardian": true,
      "minecraft:electric_spark": true,
      "minecraft:enchant": true,
      "minecraft:enchanted_hit": true,
      "minecraft:end_rod": true,
      "minecraft:entity_effect": false,
      "minecraft:explosion": true,
      "minecraft:explosion_emitter": true,
      "minecraft:falling_dripstone_lava": true,
      "minecraft:falling_dripstone_water": true,
      "minecraft:falling_dust": true,
      "minecraft:falling_honey": true,
      "minecraft:falling_lava": true,
      "minecraft:falling_nectar": true,
      "minecraft:falling_obsidian_tear": true,
      "minecraft:falling_spore_blossom": true,
      "minecraft:falling_water": true,
      "minecraft:firework": true,
      "minecraft:fishing": true,
      "minecraft:flame": true,
      "minecraft:flash": true,
      "minecraft:glow": true,
      "minecraft:glow_squid_ink": true,
      "minecraft:happy_villager": true,
      "minecraft:heart": true,
      "minecraft:instant_effect": true,
      "minecraft:item": true,
      "minecraft:item_slime": true,
      "minecraft:item_snowball": true,
      "minecraft:landing_honey": true,
      "minecraft:landing_lava": true,
      "minecraft:landing_obsidian_tear": true,
      "minecraft:large_smoke": true,
      "minecraft:lava": true,
      "minecraft:mycelium": true,
      "minecraft:nautilus": true,
      "minecraft:note": true,
      "minecraft:poof": true,
      "minecraft:portal": true,
      "minecraft:rain": true,
      "minecraft:reverse_portal": true,
      "minecraft:scrape": true,
      "minecraft:sculk_charge": true,
      "minecraft:sculk_charge_pop": true,
      "minecraft:sculk_soul": true,
      "minecraft:shriek": true,
      "minecraft:small_flame": true,
      "minecraft:smoke": true,
      "minecraft:sneeze": true,
      "minecraft:snowflake": true,
      "minecraft:sonic_boom": true,
      "minecraft:soul": true,
      "minecraft:soul_fire_flame": true,
      "minecraft:spit": true,
      "minecraft:splash": true,
      "minecraft:spore_blossom_air": true,
      "minecraft:squid_ink": true,
      "minecraft:sweep_attack": true,
      "minecraft:totem_of_undying": true,
      "minecraft:underwater": true,
      "minecraft:vibration": true,
      "minecraft:warped_spore": true,
      "minecraft:wax_off": true,
      "minecraft:wax_on": true,
      "minecraft:white_ash": true,
      "minecraft:witch": true,
      "mca:neg_interaction": true,
      "mca:pos_interaction": true,
      "visuality:big_slime_blob": true,
      "visuality:bone": true,
      "visuality:charge": true,
      "visuality:emerald": true,
      "visuality:feather": true,
      "visuality:medium_slime_blob": true,
      "visuality:small_slime_blob": true,
      "visuality:soul": true,
      "visuality:sparkle": true,
      "visuality:water_circle": true,
      "visuality:wither_bone": true,
      "bosses_of_mass_destruction:disappearing_swirl": true,
      "bosses_of_mass_destruction:downsparkle": true,
      "bosses_of_mass_destruction:earthdive_indicator": true,
      "bosses_of_mass_destruction:enchant": true,
      "bosses_of_mass_destruction:eye_open": true,
      "bosses_of_mass_destruction:fluff": true,
      "bosses_of_mass_destruction:gauntlet_revive_sparkles": true,
      "bosses_of_mass_destruction:ground_rod": true,
      "bosses_of_mass_destruction:line": true,
      "bosses_of_mass_destruction:magic_circle": true,
      "bosses_of_mass_destruction:obsidilith_anvil_indicator": true,
      "bosses_of_mass_destruction:obsidilith_burst": true,
      "bosses_of_mass_destruction:obsidilith_burst_indicator": true,
      "bosses_of_mass_destruction:obsidilith_spike": true,
      "bosses_of_mass_destruction:obsidilith_spike_indicator": true,
      "bosses_of_mass_destruction:obsidilith_wave": true,
      "bosses_of_mass_destruction:obsidilith_wave_indicator": true,
      "bosses_of_mass_destruction:petal": true,
      "bosses_of_mass_destruction:pillar_rune": true,
      "bosses_of_mass_destruction:pillar_spawn_indicator": true,
      "bosses_of_mass_destruction:pillar_spawn_indicator_2": true,
      "bosses_of_mass_destruction:pollen": true,
      "bosses_of_mass_destruction:rod": true,
      "bosses_of_mass_destruction:soul_flame": true,
      "bosses_of_mass_destruction:sparkles": true,
      "bosses_of_mass_destruction:spore": true,
      "bosses_of_mass_destruction:spore_indicator": true,
      "bosses_of_mass_destruction:void_blossom_spike_indicator": true,
      "bosses_of_mass_destruction:void_blossom_spike_wave_indicator": true,
      "effective:droplet": true,
      "effective:glow_droplet": true,
      "effective:glow_ripple": true,
      "effective:glow_splash": true,
      "effective:ripple": true,
      "effective:splash": true,
      "effective:waterfall_cloud": true,
      "graveyard:graveyard_fog_particle": true,
      "graveyard:graveyard_hand_particle": true,
      "graveyard:graveyard_left_hand_particle": true,
      "graveyard:graveyard_soul_beam_particle": true,
      "graveyard:graveyard_soul_particle": true,
      "create:air": true,
      "create:air_flow": true,
      "create:basin_fluid": true,
      "create:cube": true,
      "create:fluid_drip": true,
      "create:fluid_particle": true,
      "create:heater_particle": true,
      "create:rotation_indicator": true,
      "create:soul": true,
      "create:soul_base": true,
      "create:soul_expanding_perimeter": true,
      "create:soul_perimeter": true,
      "create:steam_jet": true,
      "fallingleaves:falling_leaf": true,
      "fallingleaves:falling_leaf_conifer": true,
      "fallingleaves:falling_snow": true
    }
  },
  "detail_settings": {
    "sky": true,
    "sun_moon": true,
    "stars": true,
    "rain_snow": true,
    "biome_colors": true,
    "sky_colors": true
  },
  "render_settings": {
    "fog_distance": 0,
    "fog_start": 100,
    "multi_dimension_fog_control": false,
    "dimensionFogDistance": {
      "minecraft:overworld": 0,
      "minecraft:the_end": 0
    },
    "use_linear_flat_color_blender": false,
    "light_updates": true,
    "item_frame": true,
    "armor_stand": true,
    "painting": true,
    "piston": true,
    "beacon_beam": true,
    "enchanting_table_book": true,
    "item_frame_name_tag": true,
    "player_name_tag": true
  },
  "extra_settings": {
    "overlay_corner": "TOP_LEFT",
    "text_contrast": "NONE",
    "show_fps": false,
    "show_f_p_s_extended": true,
    "show_coords": false,
    "reduce_resolution_on_mac": true,
    "use_adaptive_sync": false,
    "cloud_height": 192,
    "toasts": true,
    "advancement_toast": true,
    "recipe_toast": true,
    "system_toast": true,
    "tutorial_toast": true,
    "instant_sneak": false,
    "prevent_shaders": false
  },
  "notification_settings": {
    "hide_r_s_o_recommendation": false
  }
}