{"firefly":{"width":18,"height":16,"show":true},"bear":{"width":16,"height":19,"show":true},"bluejay":{"width":17,"height":16,"show":true},"deer":{"width":13,"height":19,"show":true},"butterfly":{"width":13,"height":20,"show":true},"robin":{"width":17,"height":16,"show":true},"snake":{"width":10,"height":20,"show":true},"cardinal":{"width":17,"height":16,"show":true},"snail":{"width":11,"height":20,"show":true},"canary":{"width":17,"height":16,"show":true},"coral_snake":{"width":12,"height":20,"show":true},"lion":{"width":12,"height":20,"show":true},"zebra":{"width":14,"height":20,"show":true},"giraffe":{"width":7,"height":20,"show":true},"boar":{"width":16,"height":20,"show":true},"vulture":{"width":16,"height":16,"show":true},"rhino":{"width":14,"height":20,"show":true},"elephant":{"width":16,"height":19,"show":true},"rattlesnake":{"width":10,"height":20,"show":true}}