{"cave_creeper":{"width":10,"height":20,"show":true},"dripstone_creeper":{"width":10,"height":20,"show":true},"spruce_creeper":{"width":9,"height":20,"show":true},"hills_creeper":{"width":10,"height":19,"show":true},"ocean_creeper":{"width":14,"height":19,"show":true},"beach_creeper":{"width":8,"height":20,"show":true},"mushroom_creeper":{"width":12,"height":20,"show":true},"bamboo_creeper":{"width":9,"height":20,"show":true},"jungle_creeper":{"width":10,"height":20,"show":true},"dark_oak_creeper":{"width":12,"height":20,"show":true},"snowy_creeper":{"width":14,"height":20,"show":true},"savannah_creeper":{"width":8,"height":20,"show":true}}